algorithm_name,steps_forward,steps_backward,total_steps,score,total_time,normal_total_time,external_time,grid_size
JDFSSolver,8.0,0.0,8.0,3.8125,1.1709006503224374e-05,1.1709006503224374e-05,0.0,"4,4"
JMCMFSolver,8.0,0.0,8.0,3.8125,0.00018637698609381915,0.00018637698609381915,0.0,"4,4"
JGuidedJDFSSolver_JDFSSolver,8.0,0.0,8.0,3.9375,0.001847021004650742,2.6245007757097482e-05,0.0018207759968936444,"4,4"
JGuidedJDFSSolver_JMCMFSolver,8.0,0.0,8.0,3.9375,0.0018450609967112543,2.5681003462523224e-05,0.001819379993248731,"4,4"
JDFSSolver,12.0,0.0,12.0,2.5,1.889101229608059e-05,1.889101229608059e-05,0.0,"4,6"
JMCMFSolver,12.0,0.0,12.0,2.4166666666666665,0.00038732500514015555,0.00038732500514015555,0.0,"4,6"
JGuidedJDFSSolver_JDFSSolver,12.0,0.0,12.0,3.666666666666666,0.0030043001007288694,4.1837063618004324e-05,0.002962463037110865,"4,6"
JGuidedJDFSSolver_JMCMFSolver,12.0,0.0,12.0,4.166666666666667,0.0029833309771493074,4.1435032617300746e-05,0.002941895944532007,"4,6"
JDFSSolver,16.0,0.0,16.0,2.53125,2.6116999797523023e-05,2.6116999797523023e-05,0.0,"4,8"
JMCMFSolver,16.0,0.0,16.0,2.09375,0.0006358549930155277,0.0006358549930155277,0.0,"4,8"
JGuidedJDFSSolver_JDFSSolver,16.0,0.0,16.0,3.09375,0.003935817067977041,5.9401043690741064e-05,0.0038764160242863,"4,8"
JGuidedJDFSSolver_JMCMFSolver,16.0,0.0,16.0,3.59375,0.003903601006604731,5.6579033844172956e-05,0.0038470219727605582,"4,8"
JDFSSolver,20.0,0.0,20.0,2.4,3.668799996376038e-05,3.668799996376038e-05,0.0,"4,10"
JMCMFSolver,20.0,0.0,20.0,2.2,0.0009873080090619624,0.0009873080090619624,0.0,"4,10"
JGuidedJDFSSolver_JDFSSolver,20.0,0.0,20.0,3.5,0.005450709976721555,7.876200368627905e-05,0.005371947973035276,"4,10"
JGuidedJDFSSolver_JMCMFSolver,20.0,0.0,20.0,3.7,0.005424268012866378,7.792604155838489e-05,0.005346341971307993,"4,10"
JDFSSolver,24.0,0.0,24.0,3.020833333333334,5.742100533097982e-05,5.742100533097982e-05,0.0,"4,12"
JMCMFSolver,24.0,0.0,24.0,2.645833333333334,0.001409408012405038,0.001409408012405038,0.0,"4,12"
JGuidedJDFSSolver_JDFSSolver,24.0,0.0,24.0,3.1875,0.0062957780435681345,9.569299407303334e-05,0.006200085049495101,"4,12"
JGuidedJDFSSolver_JMCMFSolver,24.0,0.0,24.0,3.854166666666666,0.006267703000921756,9.494299534708261e-05,0.006172760005574674,"4,12"
JDFSSolver,28.0,0.0,28.0,2.232142857142857,5.295300157740712e-05,5.295300157740712e-05,0.0,"4,14"
JMCMFSolver,28.0,0.0,28.0,1.8035714285714286,0.0018614290188997983,0.0018614290188997983,0.0,"4,14"
JGuidedJDFSSolver_JDFSSolver,28.0,0.0,28.0,3.232142857142857,0.008540845022071154,0.00011423000367358327,0.00842661501839757,"4,14"
JGuidedJDFSSolver_JMCMFSolver,28.0,0.0,28.0,2.8392857142857144,0.007432224992662668,0.00011115597793832421,0.007321069014724344,"4,14"
JDFSSolver,32.0,0.0,32.0,2.6875,8.358901366591454e-05,8.358901366591454e-05,0.0,"4,16"
JMCMFSolver,32.0,0.0,32.0,2.375,0.0022288690134882926,0.0022288690134882926,0.0,"4,16"
JGuidedJDFSSolver_JDFSSolver,32.0,0.0,32.0,3.15625,0.008477964997291566,0.00012962795794010162,0.008348337039351464,"4,16"
JGuidedJDFSSolver_JMCMFSolver,32.0,0.0,32.0,2.90625,0.008305232021957635,0.00012609797762706875,0.008179134044330566,"4,16"
JDFSSolver,12.0,0.0,12.0,2.791666666666666,1.9502013456076382e-05,1.9502013456076382e-05,0.0,"6,4"
JMCMFSolver,12.0,0.0,12.0,1.875,0.0003766749892383814,0.0003766749892383814,0.0,"6,4"
JGuidedJDFSSolver_JDFSSolver,12.0,0.0,12.0,3.125,0.00290884999325499,4.047496011480689e-05,0.0028683750331401827,"6,4"
JGuidedJDFSSolver_JMCMFSolver,12.0,0.0,12.0,3.125,0.0028892979933880267,4.0440999437123535e-05,0.0028488569939509032,"6,4"
JDFSSolver,18.0,0.0,18.0,2.5555555555555554,3.192900912836194e-05,3.192900912836194e-05,0.0,"6,6"
JMCMFSolver,18.0,0.0,18.0,1.833333333333333,0.0008850879967212677,0.0008850879967212677,0.0,"6,6"
JGuidedJDFSSolver_JDFSSolver,18.0,0.0,18.0,3.0555555555555554,0.004846153967082501,6.954700453206896e-05,0.004776606962550432,"6,6"
JGuidedJDFSSolver_JMCMFSolver,18.0,0.0,18.0,3.0555555555555554,0.004871106026694179,6.921301130205393e-05,0.004801893015392125,"6,6"
JDFSSolver,34.0,10.0,44.0,2.625,8.059398969635367e-05,8.059398969635367e-05,0.0,"6,8"
JMCMFSolver,24.0,0.0,24.0,2.583333333333334,0.0013231590064242483,0.0013231590064242483,0.0,"6,8"
JGuidedJDFSSolver_JDFSSolver,24.0,0.0,24.0,3.375,0.005964466042350978,9.033306268975138e-05,0.005874132979661226,"6,8"
JGuidedJDFSSolver_JMCMFSolver,24.0,0.0,24.0,3.375,0.005913613005541265,8.854205021634698e-05,0.005825070955324918,"6,8"
JDFSSolver,30.0,0.0,30.0,2.8,6.006901152431965e-05,6.006901152431965e-05,0.0,"6,10"
JMCMFSolver,30.0,0.0,30.0,2.1666666666666665,0.002282948000356555,0.002282948000356555,0.0,"6,10"
JGuidedJDFSSolver_JDFSSolver,30.0,0.0,30.0,3.466666666666667,0.00818449986865744,0.00012340896995738148,0.008061090898700059,"6,10"
JGuidedJDFSSolver_JMCMFSolver,30.0,0.0,30.0,3.4,0.008125542097259313,0.00012157801538705825,0.008003964081872254,"6,10"
JDFSSolver,36.0,0.0,36.0,3.416666666666666,0.00010047001764178276,0.00010047001764178276,0.0,"6,12"
JMCMFSolver,36.0,0.0,36.0,2.6944444444444446,0.00310471799923107,0.00310471799923107,0.0,"6,12"
JGuidedJDFSSolver_JDFSSolver,36.0,0.0,36.0,4.027777777777778,0.010155548960901798,0.00015686585335060953,0.009998683107551188,"6,12"
JGuidedJDFSSolver_JMCMFSolver,36.0,0.0,36.0,3.9444444444444446,0.01019366189604625,0.0001553849340416491,0.010038276962004601,"6,12"
JDFSSolver,42.0,0.0,42.0,2.690476190476191,9.511200245469809e-05,9.511200245469809e-05,0.0,"6,14"
JMCMFSolver,42.0,0.0,42.0,2.1666666666666665,0.004020201012026519,0.004020201012026519,0.0,"6,14"
JGuidedJDFSSolver_JDFSSolver,42.0,0.0,42.0,3.2142857142857144,0.01162049600854516,0.00018488409463316202,0.011435611913911998,"6,14"
JGuidedJDFSSolver_JMCMFSolver,42.0,0.0,42.0,3.2857142857142856,0.011520002179313451,0.0001808491162955761,0.011339153063017875,"6,14"
JDFSSolver,48.0,0.0,48.0,2.916666666666666,0.00011873399140313267,0.00011873399140313267,0.0,"6,16"
JMCMFSolver,48.0,0.0,48.0,2.5208333333333335,0.005231862999498844,0.005231862999498844,0.0,"6,16"
JGuidedJDFSSolver_JDFSSolver,48.0,0.0,48.0,3.333333333333334,0.013703130942303687,0.00022274298360571264,0.013480387958697975,"6,16"
JGuidedJDFSSolver_JMCMFSolver,48.0,0.0,48.0,3.541666666666666,0.013543304076883941,0.00021886409260332584,0.013324439984280616,"6,16"
JDFSSolver,16.0,0.0,16.0,2.59375,2.4134987033903598e-05,2.4134987033903598e-05,0.0,"8,4"
JMCMFSolver,16.0,0.0,16.0,2.21875,0.0006184840039350092,0.0006184840039350092,0.0,"8,4"
JGuidedJDFSSolver_JDFSSolver,16.0,0.0,16.0,3.59375,0.003920577908866107,5.687898490577936e-05,0.003863698923960328,"8,4"
JGuidedJDFSSolver_JMCMFSolver,16.0,0.0,16.0,3.59375,0.0038730880036018786,5.556100513786078e-05,0.003817526998464018,"8,4"
JDFSSolver,24.0,0.0,24.0,3.666666666666666,4.310701042413712e-05,4.310701042413712e-05,0.0,"8,6"
JMCMFSolver,24.0,0.0,24.0,2.708333333333334,0.0013615920091979206,0.0013615920091979206,0.0,"8,6"
JGuidedJDFSSolver_JDFSSolver,24.0,0.0,24.0,4.083333333333333,0.0061596499895676966,9.373601293191313e-05,0.0060659139766357836,"8,6"
JGuidedJDFSSolver_JMCMFSolver,24.0,0.0,24.0,4.083333333333333,0.006084272039588542,9.089004248380661e-05,0.005993381997104735,"8,6"
JDFSSolver,46.0,14.0,60.0,2.359375,0.00011766199953854084,0.00011766199953854084,0.0,"8,8"
JMCMFSolver,32.0,0.0,32.0,2.140625,0.0023362699942663314,0.0023362699942663314,0.0,"8,8"
JGuidedJDFSSolver_JDFSSolver,32.0,0.0,32.0,4.046875,0.00868533696513623,0.00013332698261365295,0.008552009982522576,"8,8"
JGuidedJDFSSolver_JMCMFSolver,32.0,0.0,32.0,3.796875,0.008581503964960576,0.00013047293527051806,0.008451031029690057,"8,8"
JDFSSolver,40.0,0.0,40.0,2.5125,0.0013076690025627612,0.0013076690025627612,0.0,"8,10"
JMCMFSolver,40.0,0.0,40.0,2.4125,0.003533084015361965,0.003533084015361965,0.0,"8,10"
JGuidedJDFSSolver_JDFSSolver,40.0,0.0,40.0,3.5125,0.01091444907709956,0.00017425511963665486,0.010740193957462906,"8,10"
JGuidedJDFSSolver_JMCMFSolver,40.0,0.0,40.0,3.5375,0.010811700962949543,0.00017238495871424675,0.010639316004235297,"8,10"
JDFSSolver,48.0,0.0,48.0,2.3125,0.00011916599236428737,0.00011916599236428737,0.0,"8,12"
JMCMFSolver,48.0,0.0,48.0,2.1041666666666665,0.0051256629987619816,0.0051256629987619816,0.0,"8,12"
JGuidedJDFSSolver_JDFSSolver,48.0,0.0,48.0,3.6875,0.013445135056972504,0.00022124203620478512,0.013223893020767718,"8,12"
JGuidedJDFSSolver_JMCMFSolver,48.0,0.0,48.0,3.729166666666666,0.013386945030651987,0.00021671000868082047,0.013170235021971167,"8,12"
JDFSSolver,56.0,0.0,56.0,2.580357142857143,0.00015291900839656592,0.00015291900839656592,0.0,"8,14"
JMCMFSolver,56.0,0.0,56.0,2.2767857142857144,0.007638947993982583,0.007638947993982583,0.0,"8,14"
JGuidedJDFSSolver_JDFSSolver,56.0,0.0,56.0,3.580357142857143,0.016518497916404157,0.0002800589334219694,0.01623843898298219,"8,14"
JGuidedJDFSSolver_JMCMFSolver,56.0,0.0,56.0,3.2232142857142856,0.01637440520571545,0.0002750781481154263,0.016099327057600022,"8,14"
JDFSSolver,64.0,0.0,64.0,2.7109375,0.0002603010158054531,0.0002603010158054531,0.0,"8,16"
JMCMFSolver,64.0,0.0,64.0,1.9921875,0.009439509003423155,0.009439509003423155,0.0,"8,16"
JGuidedJDFSSolver_JDFSSolver,64.0,0.0,64.0,3.6015625,0.019068667052779344,0.00032894606003537776,0.01873972099274397,"8,16"
JGuidedJDFSSolver_JMCMFSolver,64.0,0.0,64.0,3.6328125,0.01853678711690009,0.0003235821006819606,0.018213205016218127,"8,16"
JDFSSolver,20.0,0.0,20.0,2.2,3.4658992663025854e-05,3.4658992663025854e-05,0.0,"10,4"
JMCMFSolver,20.0,0.0,20.0,2.0,0.000981685002334416,0.000981685002334416,0.0,"10,4"
JGuidedJDFSSolver_JDFSSolver,20.0,0.0,20.0,3.8,0.005352134003769607,7.595300441607833e-05,0.005276180999353528,"10,4"
JGuidedJDFSSolver_JMCMFSolver,20.0,0.0,20.0,3.8,0.005281374980695546,7.404298754408956e-05,0.005207331993151456,"10,4"
JDFSSolver,33.0,3.0,36.0,2.75,8.700901176780462e-05,8.700901176780462e-05,0.0,"10,6"
JMCMFSolver,30.0,0.0,30.0,1.8166666666666667,0.002155721990857273,0.002155721990857273,0.0,"10,6"
JGuidedJDFSSolver_JDFSSolver,30.0,0.0,30.0,2.4166666666666665,0.008336300044320524,0.00012370999669656158,0.008212590047623963,"10,6"
JGuidedJDFSSolver_JMCMFSolver,30.0,0.0,30.0,2.25,0.008675836045295001,0.00012159099336713553,0.008554245051927865,"10,6"
JDFSSolver,53.0,13.0,66.0,2.8875,0.00017943699844181538,0.00017943699844181538,0.0,"10,8"
JMCMFSolver,40.0,0.0,40.0,2.2375,0.0038581530004739763,0.0038581530004739763,0.0,"10,8"
JGuidedJDFSSolver_JDFSSolver,40.0,0.0,40.0,3.5375,0.011102357916533948,0.00017673790687695146,0.010925620009656996,"10,8"
JGuidedJDFSSolver_JMCMFSolver,40.0,0.0,40.0,3.5875,0.010922768095042557,0.00017356499098241328,0.010749203104060143,"10,8"
JDFSSolver,91.0,41.0,132.0,3.16,0.0016913640103302897,0.0016913640103302897,0.0,"10,10"
JMCMFSolver,50.0,0.0,50.0,2.46,0.005588171987328678,0.005588171987328678,0.0,"10,10"
JGuidedJDFSSolver_JDFSSolver,50.0,0.0,50.0,3.24,0.014393758021760732,0.0002334280265495181,0.014160329995211213,"10,10"
JGuidedJDFSSolver_JMCMFSolver,50.0,0.0,50.0,3.7,0.013929191997740417,0.00022359604947268962,0.013705595948267727,"10,10"
JDFSSolver,60.0,0.0,60.0,2.841666666666667,0.00017321600578725337,0.00017321600578725337,0.0,"10,12"
JMCMFSolver,60.0,0.0,60.0,1.9916666666666665,0.008304879995994269,0.008304879995994269,0.0,"10,12"
JGuidedJDFSSolver_JDFSSolver,60.0,0.0,60.0,3.125,0.018065871917642654,0.0003000679099932313,0.017765804007649422,"10,12"
JGuidedJDFSSolver_JMCMFSolver,60.0,0.0,60.0,3.108333333333333,0.017792312912642955,0.00030208597425371406,0.017490226938389242,"10,12"
JDFSSolver,70.0,0.0,70.0,2.557142857142857,0.00021373000461608172,0.00021373000461608172,0.0,"10,14"
JMCMFSolver,70.0,0.0,70.0,2.257142857142857,0.011479067995678634,0.011479067995678634,0.0,"10,14"
JGuidedJDFSSolver_JDFSSolver,70.0,0.0,70.0,3.742857142857143,0.02127655101707205,0.00036876305704936386,0.020907787960022687,"10,14"
JGuidedJDFSSolver_JMCMFSolver,70.0,0.0,70.0,3.4857142857142858,0.020956872031092644,0.0003694070060737431,0.0205874650250189,"10,14"
JDFSSolver,85.0,5.0,90.0,2.53125,0.000346385994926095,0.000346385994926095,0.0,"10,16"
JMCMFSolver,80.0,0.0,80.0,1.91875,0.015334341994021087,0.015334341994021087,0.0,"10,16"
JGuidedJDFSSolver_JDFSSolver,80.0,0.0,80.0,3.04375,0.02556475294753909,0.00047237090766429903,0.02509238203987479,"10,16"
JGuidedJDFSSolver_JMCMFSolver,80.0,0.0,80.0,3.20625,0.025562302889302373,0.0004669167962856591,0.025095386093016713,"10,16"
JDFSSolver,52.0,28.0,80.0,3.25,0.00011262999149039388,0.00011262999149039388,0.0,"12,4"
JMCMFSolver,24.0,0.0,24.0,2.0833333333333335,0.0013168539991602302,0.0013168539991602302,0.0,"12,4"
JGuidedJDFSSolver_JDFSSolver,24.0,0.0,24.0,3.541666666666666,0.005910305010620505,8.790898136794567e-05,0.005822396029252559,"12,4"
JGuidedJDFSSolver_JMCMFSolver,24.0,0.0,24.0,3.541666666666666,0.005911922019440681,8.713903138414025e-05,0.005824782988056541,"12,4"
JDFSSolver,36.0,0.0,36.0,2.6944444444444446,7.427600212395191e-05,7.427600212395191e-05,0.0,"12,6"
JMCMFSolver,36.0,0.0,36.0,1.9722222222222223,0.00293362200492993,0.00293362200492993,0.0,"12,6"
JGuidedJDFSSolver_JDFSSolver,36.0,0.0,36.0,3.083333333333334,0.01130322391167283,0.00014758493518456816,0.011155638976488262,"12,6"
JGuidedJDFSSolver_JMCMFSolver,36.0,0.0,36.0,3.2777777777777777,0.009765668017789721,0.000147230988368392,0.009618437029421329,"12,6"
JDFSSolver,48.0,0.0,48.0,2.6875,0.00011338099837303161,0.00011338099837303161,0.0,"12,8"
JMCMFSolver,48.0,0.0,48.0,2.375,0.005165548995137215,0.005165548995137215,0.0,"12,8"
JGuidedJDFSSolver_JDFSSolver,48.0,0.0,48.0,3.229166666666666,0.013145145082380622,0.00021504914620891215,0.01293009593617171,"12,8"
JGuidedJDFSSolver_JMCMFSolver,48.0,0.0,48.0,3.1875,0.013223862999584527,0.00021468297112733125,0.013009180028457195,"12,8"
JDFSSolver,91.0,31.0,122.0,2.3333333333333335,0.0003230820153839886,0.0003230820153839886,0.0,"12,10"
JMCMFSolver,60.0,0.0,60.0,2.05,0.008680464013013988,0.008680464013013988,0.0,"12,10"
JGuidedJDFSSolver_JDFSSolver,60.0,0.0,60.0,3.316666666666667,0.017432609845418483,0.0002972389804199338,0.01713537086499855,"12,10"
JGuidedJDFSSolver_JMCMFSolver,60.0,0.0,60.0,3.3833333333333333,0.017525470172986387,0.0002956001739948988,0.01722986999899149,"12,10"
JDFSSolver,153.0,81.0,234.0,2.375,0.0006696690083481372,0.0006696690083481372,0.0,"12,12"
JMCMFSolver,72.0,0.0,72.0,2.0694444444444446,0.011879899983759969,0.011879899983759969,0.0,"12,12"
JGuidedJDFSSolver_JDFSSolver,72.0,0.0,72.0,3.5555555555555554,0.021600939964409916,0.000381293932441622,0.021219646031968294,"12,12"
JGuidedJDFSSolver_JMCMFSolver,72.0,0.0,72.0,3.5,0.02169798720162362,0.00038042199332267046,0.02131756520830095,"12,12"
JDFSSolver,84.0,0.0,84.0,2.5773809523809526,0.00032091799192130566,0.00032091799192130566,0.0,"12,14"
JMCMFSolver,84.0,0.0,84.0,2.0297619047619047,0.016443767007440328,0.016443767007440328,0.0,"12,14"
JGuidedJDFSSolver_JDFSSolver,84.0,0.0,84.0,3.1964285714285716,0.027313607947435228,0.0005107269948348403,0.02680288095260039,"12,14"
JGuidedJDFSSolver_JMCMFSolver,84.0,0.0,84.0,2.886904761904762,0.026920656163711098,0.0004973860317841173,0.026423270131926982,"12,14"
JDFSSolver,96.0,0.0,96.0,2.6875,0.00041027198545634747,0.00041027198545634747,0.0,"12,16"
JMCMFSolver,96.0,0.0,96.0,2.3958333333333335,0.022152233007363974,0.022152233007363974,0.0,"12,16"
JGuidedJDFSSolver_JDFSSolver,96.0,0.0,96.0,3.458333333333334,0.03375884502660483,0.0006167519395239652,0.03314209308708087,"12,16"
JGuidedJDFSSolver_JMCMFSolver,96.0,0.0,96.0,3.5625,0.03168980515096337,0.0006080130045302213,0.031081792146433144,"12,16"
JDFSSolver,28.0,0.0,28.0,2.0535714285714284,5.120099289342761e-05,5.120099289342761e-05,0.0,"14,4"
JMCMFSolver,28.0,0.0,28.0,1.9107142857142858,0.0017899509961716831,0.0017899509961716831,0.0,"14,4"
JGuidedJDFSSolver_JDFSSolver,28.0,0.0,28.0,2.9464285714285716,0.007423283967655152,0.00011287994449958205,0.00731040402315557,"14,4"
JGuidedJDFSSolver_JMCMFSolver,28.0,0.0,28.0,2.9464285714285716,0.007417163951322437,0.00011147499084472656,0.00730568896047771,"14,4"
JDFSSolver,42.0,0.0,42.0,2.392857142857143,9.367802646011114e-05,9.367802646011114e-05,0.0,"14,6"
JMCMFSolver,42.0,0.0,42.0,2.369047619047619,0.004425691997166723,0.004425691997166723,0.0,"14,6"
JGuidedJDFSSolver_JDFSSolver,42.0,0.0,42.0,2.869047619047619,0.011915419120341539,0.0001863800664432347,0.011729039053898304,"14,6"
JGuidedJDFSSolver_JMCMFSolver,42.0,0.0,42.0,2.892857142857143,0.011781635931693017,0.00018381590489298106,0.011597820026800036,"14,6"
JDFSSolver,56.0,0.0,56.0,2.4285714285714284,0.00014682101551443338,0.00014682101551443338,0.0,"14,8"
JMCMFSolver,56.0,0.0,56.0,1.9285714285714286,0.006945544010959565,0.006945544010959565,0.0,"14,8"
JGuidedJDFSSolver_JDFSSolver,56.0,0.0,56.0,3.625,0.01595612788805738,0.00026887803338468077,0.0156872498546727,"14,8"
JGuidedJDFSSolver_JMCMFSolver,56.0,0.0,56.0,3.482142857142857,0.015996189017314463,0.0002702140621840954,0.015725974955130367,"14,8"
JDFSSolver,91.0,21.0,112.0,2.6642857142857137,0.0004395709908567369,0.0004395709908567369,0.0,"14,10"
JMCMFSolver,70.0,0.0,70.0,2.05,0.011500676989089697,0.011500676989089697,0.0,"14,10"
JGuidedJDFSSolver_JDFSSolver,70.0,0.0,70.0,3.507142857142857,0.021039790010545404,0.0003696970944292843,0.020670092916116118,"14,10"
JGuidedJDFSSolver_JMCMFSolver,70.0,0.0,70.0,3.25,0.02112150498200208,0.0003687839768826962,0.020752721005119382,"14,10"
JDFSSolver,84.0,0.0,84.0,3.017857142857143,0.0003177779889665544,0.0003177779889665544,0.0,"14,12"
JMCMFSolver,84.0,0.0,84.0,2.1011904761904763,0.0167623500037007,0.0167623500037007,0.0,"14,12"
JGuidedJDFSSolver_JDFSSolver,84.0,0.0,84.0,3.6726190476190474,0.02694153705611825,0.0005045409873127937,0.026436996068805455,"14,12"
JGuidedJDFSSolver_JMCMFSolver,84.0,0.0,84.0,3.732142857142857,0.02672429290600121,0.0004990199091844261,0.026225272996816783,"14,12"
JDFSSolver,135.0,37.0,172.0,2.8316326530612246,0.0028166410024277866,0.0028166410024277866,0.0,"14,14"
JMCMFSolver,98.0,0.0,98.0,2.107142857142857,0.022736981995403766,0.022736981995403766,0.0,"14,14"
JGuidedJDFSSolver_JDFSSolver,98.0,0.0,98.0,3.270408163265306,0.03259159604785963,0.000626074094325304,0.03196552195353433,"14,14"
JGuidedJDFSSolver_JMCMFSolver,98.0,0.0,98.0,3.454081632653061,0.032592536280862984,0.0006287920777685941,0.03196374420309439,"14,14"
JDFSSolver,191.0,79.0,270.0,2.736607142857143,0.001184538989327848,0.001184538989327848,0.0,"14,16"
JMCMFSolver,112.0,0.0,112.0,2.0669642857142856,0.0300381269864738,0.0300381269864738,0.0,"14,16"
JGuidedJDFSSolver_JDFSSolver,112.0,0.0,112.0,3.3973214285714284,0.0381221950892359,0.0007667229231446981,0.037355472166091204,"14,16"
JGuidedJDFSSolver_JMCMFSolver,112.0,0.0,112.0,3.59375,0.03809965500375256,0.0007598089147359133,0.037339846089016644,"14,16"
JDFSSolver,32.0,0.0,32.0,2.53125,8.731100475415587e-05,8.731100475415587e-05,0.0,"16,4"
JMCMFSolver,32.0,0.0,32.0,2.34375,0.002358962984289974,0.002358962984289974,0.0,"16,4"
JGuidedJDFSSolver_JDFSSolver,32.0,0.0,32.0,3.53125,0.00857219398021698,0.00012780297081917523,0.008444391009397804,"16,4"
JGuidedJDFSSolver_JMCMFSolver,32.0,0.0,32.0,3.53125,0.008361497074365617,0.0001237979787401855,0.00823769909562543,"16,4"
JDFSSolver,55.0,7.0,62.0,2.3020833333333335,0.00014967801049351693,0.00014967801049351693,0.0,"16,6"
JMCMFSolver,48.0,0.0,48.0,1.96875,0.005482076006010175,0.005482076006010175,0.0,"16,6"
JGuidedJDFSSolver_JDFSSolver,48.0,0.0,48.0,3.84375,0.013865732746198773,0.00022441990673542023,0.013641312839463354,"16,6"
JGuidedJDFSSolver_JMCMFSolver,48.0,0.0,48.0,3.947916666666666,0.013771178037859499,0.00022159903543069958,0.0135495790024288,"16,6"
JDFSSolver,92.0,28.0,120.0,3.1171875,0.0003211229923181236,0.0003211229923181236,0.0,"16,8"
JMCMFSolver,64.0,0.0,64.0,2.2578125,0.009297238010913134,0.009297238010913134,0.0,"16,8"
JGuidedJDFSSolver_JDFSSolver,64.0,0.0,64.0,3.6015625,0.01850634292233735,0.00032231892459094524,0.018184023997746407,"16,8"
JGuidedJDFSSolver_JMCMFSolver,64.0,0.0,64.0,3.5859375,0.018380074899178,0.00031997701385989786,0.0180600978853181,"16,8"
JDFSSolver,80.0,0.0,80.0,2.2375,0.0004189099930226803,0.0004189099930226803,0.0,"16,10"
JMCMFSolver,80.0,0.0,80.0,1.825,0.014789234003983439,0.014789234003983439,0.0,"16,10"
JGuidedJDFSSolver_JDFSSolver,80.0,0.0,80.0,3.575,0.025140102966688574,0.0004681280511431396,0.024671974915545434,"16,10"
JGuidedJDFSSolver_JMCMFSolver,80.0,0.0,80.0,3.575,0.025063799852505324,0.0004691937658935785,0.024594606086611747,"16,10"
JDFSSolver,102.0,6.0,108.0,2.265625,0.00045533900149166587,0.00045533900149166587,0.0,"16,12"
JMCMFSolver,96.0,0.0,96.0,1.869791666666667,0.02061789599014446,0.02061789599014446,0.0,"16,12"
JGuidedJDFSSolver_JDFSSolver,96.0,0.0,96.0,3.088541666666666,0.0337422326952219,0.0006119188643060624,0.03313031383091584,"16,12"
JGuidedJDFSSolver_JMCMFSolver,96.0,0.0,96.0,2.921875,0.03113604013575241,0.0006070730462670326,0.030528967089485378,"16,12"
JDFSSolver,288.0,176.0,464.0,2.5669642857142856,0.0019430389883928001,0.0019430389883928001,0.0,"16,14"
JMCMFSolver,112.0,0.0,112.0,1.8973214285714286,0.028270860011689367,0.028270860011689367,0.0,"16,14"
JGuidedJDFSSolver_JDFSSolver,112.0,0.0,112.0,3.21875,0.03767306668683886,0.0007668287446722388,0.036906237942166624,"16,14"
JGuidedJDFSSolver_JMCMFSolver,112.0,0.0,112.0,3.3526785714285716,0.03778397116810084,0.0007545990287326276,0.03702937213936821,"16,14"
JDFSSolver,128.0,0.0,128.0,2.32421875,0.000737232977990061,0.000737232977990061,0.0,"16,16"
JMCMFSolver,128.0,0.0,128.0,1.89453125,0.04291376301087439,0.04291376301087439,0.0,"16,16"
JGuidedJDFSSolver_JDFSSolver,128.0,0.0,128.0,3.41796875,0.05104719401570037,0.0010371820302680136,0.050010011985432354,"16,16"
JGuidedJDFSSolver_JMCMFSolver,128.0,0.0,128.0,3.27734375,0.05118180997204035,0.0010445640538819135,0.05013724591815844,"16,16"
